﻿<?xml version="1.0" encoding="utf-8" ?>
<addresscollection>
  <!-- === READ FIRST === -->
  <!-- First thing you need is to get the image base, and note it down. -->
  <!-- This can be found by scrolling to the top in an IDA View tab, usually the fifth line looking like this: -->
  <!-- .text:6F001000 ; Imagebase   : 6F000000 <== Warcraft III -->
  <!-- .text:00401000 ; Imagebase   : 00400000 <== World Editor -->
  <!-- We need this, since all addresses must be rebased, which basically means, we need the position relative to the dll base, rather than the static memory position. -->

  <!-- === Warcraft III (game.dll) === -->
  <address name="GAME_MenuVersionStringValue">
    <!-- 
      Find the following byte sequence "%d.%d.%d.%d"
      Find all references to it. At one location the version is pushed just before.
      Add 1 to the address of the call to get the address of the value pushed.
      .text:6F2E2689                 push    offset aD_D_D_D ; "%d.%d.%d.%d"
    -->
    <version code="1.28.5.7680 (29b1843c)">30ECFA</version>
    <!--<version code="1.28.4.7608 (f86560c5)">30EB3A</version>-->
    <!--<version code="1.28.2.7395 (c010005c)">2E4C8A</version>-->
    <!--<version code="1.28.0.7205 (bd7dc19)">2E268A</version>-->
    <!--<version code="1.27.1.7085 (1225d28)">2DC0DA</version>-->
  </address>
  <address name="GAME_NoCheat">
    <!-- 
      found through the Cheat native
      the last op in the Cheat native should be a jmp that goes to the actual cheat function
      find xrefs to it, one of them is a call, this is the address of that call
    -->
    <!--<version code="1.28.2.7395 (c010005c)"></version>-->
    <!--<version code="1.28.0.7205 (bd7dc19)">3766C2</version>-->
    <!--<version code="1.27.1.7085 (1225d28)">36EE72</version>-->
  </address>
  <address name="GAME_NoPause">
    <!-- 
      ok, this one was a bit tricky to find
      first find the string "|c%2.2x%2.2x%2.2x%2.2x%s|r"
      then check xrefs for it - there should be 4 of them, each being a push for a Storm_578 call
      now check them one by one - only one of them has 1Ch as another nearby push - find it and you've found the function where the nopause patch is
      now go to the top - there should be several conditional jumps(jz), you most likely need the second
      before the jz there should be a test with both parameters being the same register (edi in 1.22, eax before)
      we need the address of the jz (patch changes jz into jmp)
    -->
    <!--<version code="1.28.2.7395 (c010005c)"></version>-->
    <!--<version code="1.28.0.7205 (bd7dc19)">3792F9</version>-->
    <!--<version code="1.27.1.7085 (1225d28)">371A19</version>-->
  </address>
  <address name="GAME_InitNatives">
    <!-- 
      1. Hit "Alt + B" to search for the following byte sequence, 
          including the quotes: "Deg2Rad". This should return one
          result, looking similar to this:
          .rdata:6F94B7DC  db 'Deg2Rad',0
      2. Double click the result. (Only in IDAPro 5.5)
      3. Place the cursor in the following part of the line:
          .rdata:6F94B7DC aDeg2rad        db 'Deg2Rad',0
                          ^^^^^^^^
      4. Press "x", to cross reference the string.
          This should give you two results. Double-click the first.
      5. You are now in a function that looks like this:
       -> .text:6F3D4020 sub_6F3D4020    proc near               ; CODE XREF: .text:6F0085DAp
          .text:6F3D4020                                         ; sub_6F3A2EC0+27Ep ...
          .text:6F3D4020                 call    sub_6F453C00
          .text:6F3D4025                 push    offset aRR      ; "(R)R"
          .text:6F3D402A                 mov     edx, offset aDeg2rad ; "Deg2Rad"
      6. sub_6F3D4020 is the InitNatives function.
    -->
    <version code="1.28.5.7680 (29b1843c)">239C80</version>
    <!--<version code="1.28.4.7608 (f86560c5)">239AF0</version>-->
    <!--<version code="1.28.2.7395 (c010005c)">20FDC0</version>-->
    <!--<version code="1.28.0.7205 (bd7dc19)">20D7E0</version>-->
    <!--<version code="1.27.1.7085 (1225d28)">207490</version>-->
  </address>
  <address name="GAME_BindNative">
    <!-- 
      1. Hit "Alt + B" to search for the following byte sequence, 
          including the quotes: "Deg2Rad". This should return one
          result, looking similar to this:
          .rdata:6F94B7DC  db 'Deg2Rad',0
      2. Double click the result. (Only in IDAPro 5.5)
      3. Place the cursor in the following part of the line:
          .rdata:6F94B7DC aDeg2rad        db 'Deg2Rad',0
                          ^^^^^^^^
      4. Press "x", to cross reference the string.
          This should give you two results. Double-click the first.
      5. You are now in a function that looks like this:
          .text:6F3D4020 sub_6F3D4020    proc near               ; CODE XREF: .text:6F0085DAp
          .text:6F3D4020                                         ; sub_6F3A2EC0+27Ep ...
          .text:6F3D4020                 call    sub_6F453C00
          .text:6F3D4025                 push    offset aRR      ; "(R)R"
          .text:6F3D402A                 mov     edx, offset aDeg2rad ; "Deg2Rad"
          .text:6F3D402F                 mov     ecx, offset loc_6F3B29D0
       -> .text:6F3D4034                 call    sub_6F455110
      6. sub_6F455110 is the BindNative function.
    -->
    <version code="1.28.5.7680 (29b1843c)">8C2070</version>
    <!--<version code="1.28.4.7608 (f86560c5)">8C1D40</version>-->
    <!--<version code="1.28.2.7395 (c010005c)">917950</version>-->
    <!--<version code="1.28.0.7205 (bd7dc19)">9150D0</version>-->
    <!--<version code="1.27.1.7085 (1225d28)">90D120</version>-->
  </address>
  <address name="GAME_VirtualMachine__RunFunction">
    <!-- 
      1. Hit "Alt + B" to search for the following byte sequence, 
          including the quotes, and the zero afterwards: "config" 0.
          This should return one result, looking similar to this:
          .rdata:6F94297C aConfig         db 'config',0
      2. Double click the result. (Only in IDAPro 5.5)
      3. Place the cursor in the following part of the line:
          .rdata:6F94297C aConfig         db 'config',0
                          ^^^^^^^
      4. Press "x", to cross reference the string.
          This should give you one result.
      5. The function should have a part that looks like this:
          .text:6F3B5483                 push    1
          .text:6F3B5485                 push    1
          .text:6F3B5487                 push    0
          .text:6F3B5489                 mov     edx, offset aConfig ; "config"
          .text:6F3B548E                 mov     ecx, esi
       -> .text:6F3B5490                 call    sub_6F44B640
          .text:6F3B5495                 sub     eax, 1
      6. Double-click the part that says "sub_6F44B640"
      7. You're now in a new function. Scroll to the bottom and
          find something that looks like this:
          .text:6F44B66F                 push    edx
          .text:6F44B670                 push    eax
          .text:6F44B671                 push    esi
       -> .text:6F44B672                 call    sub_6F45F8B0
          .text:6F44B677                 pop     esi
          .text:6F44B678                 retn    10h
          .text:6F44B678 sub_6F44B640    endp
      8. sub_6F45F8B0 is the VirtualMachine__RunFunction function.
    -->
    <!--<version code="1.28.4.7608 (f86560c5)"></version>-->
    <!--<version code="1.28.2.7395 (c010005c)"></version>-->
    <!--<version code="1.28.0.7205 (bd7dc19)">9242C0</version>-->
    <!--<version code="1.27.1.7085 (1225d28)">91C310</version>-->
  </address>
  <address name="GAME_VirtualMachine__RunCode">
    <!-- Needs instructions, but located near RunFunction. -->
    <!--<version code="1.28.4.7608 (f86560c5)"></version>-->
    <!--<version code="1.28.2.7395 (c010005c)"></version>-->
    <!--<version code="1.28.0.7205 (bd7dc19)">923410</version>-->
    <!--<version code="1.27.1.7085 (1225d28)">91B460</version>-->
  </address>
  <address name="GAME_VirtualMachine__CodeToFunction">
    <!-- Needs instructions, but called inside RunCode. -->
    <!--<version code="1.28.4.7608 (f86560c5)"></version>-->
    <!--<version code="1.28.2.7395 (c010005c)"></version>-->
    <!--<version code="1.28.0.7205 (bd7dc19)">91F430</version>-->
    <!--<version code="1.27.1.7085 (1225d28)">917480</version>-->
  </address>
  <address name="GAME_GetThreadLocalStorage">
    <!-- 
      Find the global symbol: dwTlsIndex
      Find the function that returns immediately using dwTlsIndex as a parameter.
    -->
    <version code="1.28.5.7680 (29b1843c)">095DF0</version>
    <!--<version code="1.28.4.7608 (f86560c5)">095DB0</version>-->
    <!--<version code="1.28.2.7395 (c010005c)">06CC50</version>-->
    <!--<version code="1.28.0.7205 (bd7dc19)">06A8D0</version>-->
    <!--<version code="1.27.1.7085 (1225d28)">06C1A0</version>-->
  </address>
  <address name="GAME_JassStringHandleToString">
    <!-- 
      1. Hit "Alt + B" to search for the following byte sequence, 
          including the quotes: "S2I". This should return one
          result, looking similar to this:
          .rdata:6F94B744  db 'S2I',0
      2. Double click the result. (Only in IDAPro 5.5)
      3. Place the cursor in the following part of the line:
          .rdata:6F94B744 aS2i            db 'S2I',0
                          ^^^^
      4. Press "x", to cross reference the string.
          This should give you two results. Double-click the first.
      5. You are now in a function that looks like this:
          .text:6F3D4165                 push    offset aSI      ; "(S)I"
          .text:6F3D416A                 mov     edx, offset aS2i ; "S2I"
       -> .text:6F3D416F                 mov     ecx, offset sub_6F3B2D10
          .text:6F3D4174                 call    sub_6F455110
      6. sub_6F3B2D10 is the S2I function, double-click it, and you'll
          see something like the following:
          .text:6F3B2D10 sub_6F3B2D10    proc near               ; DATA XREF: sub_6F3D4020+14Fo
          .text:6F3B2D10
          .text:6F3B2D10 arg_0           = dword ptr  4
          .text:6F3B2D10
          .text:6F3B2D10                 mov     ecx, [esp+arg_0]
       -> .text:6F3B2D14                 call    sub_6F4C4630
          .text:6F3B2D19                 test    eax, eax
          .text:6F3B2D1B                 jz      short loc_6F3B2D2C
          .text:6F3B2D1D                 cmp     byte ptr [eax], 0
          .text:6F3B2D20                 jz      short loc_6F3B2D2C
          .text:6F3B2D22                 mov     [esp+arg_0], eax
          .text:6F3B2D26                 jmp     ds:atoi
          .text:6F3B2D2C
          .text:6F3B2D2C loc_6F3B2D2C:                           ; CODE XREF: sub_6F3B2D10+Bj
          .text:6F3B2D2C                                         ; sub_6F3B2D10+10j
          .text:6F3B2D2C                 xor     eax, eax
          .text:6F3B2D2E                 retn
          .text:6F3B2D2E sub_6F3B2D10    endp
      7. sub_6F4C4630 is the JassStringHandleToString function.
    -->
    <version code="1.28.5.7680 (29b1843c)">098510</version>
    <!--<version code="1.28.4.7608 (f86560c5)">0984D0</version>-->
    <!--<version code="1.28.2.7395 (c010005c)">06F370</version>-->
    <!--<version code="1.28.0.7205 (bd7dc19)">06D000</version>-->
    <!--<version code="1.27.1.7085 (1225d28)">06E8D0</version>-->
  </address>
  <address name="GAME_StringToJassStringIndex">
    <!-- 
      1. Hit "Alt + B" to search for the following byte sequence, 
          including the quotes: "I2S". This should return one
          result, looking similar to this:
          .rdata:6F94B76C  db 'I2S',0
      2. Double click the result. (Only in IDAPro 5.5)
      3. Place the cursor in the following part of the line:
          .rdata:6F94B76C aI2s            db 'I2S',0
                          ^^^^
      4. Press "x", to cross reference the string.
          This should give you two results. Double-click the first.
      5. You are now in a function that looks like this:
          .text:6F3D4129                 push    offset aIS      ; "(I)S"
          .text:6F3D412E                 mov     edx, offset aI2s ; "I2S"
       -> .text:6F3D4133                 mov     ecx, offset sub_6F3BAAA0
          .text:6F3D4138                 call    sub_6F455110
      6. sub_6F3BAAA0 is the I2S function, double-click it, and you'll
          see something like the following:
          .text:6F3BAAA0 sub_6F3BAAA0    proc near               ; DATA XREF: sub_6F3D4020+113o
          .text:6F3BAAA0
          .text:6F3BAAA0 var_104         = byte ptr -104h
          .text:6F3BAAA0 var_4           = dword ptr -4
          .text:6F3BAAA0 arg_0           = dword ptr  4
          .text:6F3BAAA0
          .text:6F3BAAA0                 sub     esp, 104h
          .text:6F3BAAA6                 mov     eax, dword_6FAAE140
          .text:6F3BAAAB                 xor     eax, esp
          .text:6F3BAAAD                 mov     [esp+104h+var_4], eax
          .text:6F3BAAB4                 mov     eax, [esp+104h+arg_0]
          .text:6F3BAABB                 push    eax
          .text:6F3BAABC                 push    offset aD_0     ; "%d"
          .text:6F3BAAC1                 lea     ecx, [esp+10Ch+var_104]
          .text:6F3BAAC5                 push    100h
          .text:6F3BAACA                 push    ecx
          .text:6F3BAACB                 call    Storm_578
          .text:6F3BAAD0                 add     esp, 10h
          .text:6F3BAAD3                 lea     ecx, [esp+104h+var_104]
       -> .text:6F3BAAD6                 call    sub_6F3BAA20
          .text:6F3BAADB                 mov     ecx, [esp+104h+var_4]
          .text:6F3BAAE2                 xor     ecx, esp
          .text:6F3BAAE4                 call    sub_6F7E1059
          .text:6F3BAAE9                 add     esp, 104h
          .text:6F3BAAEF                 retn
          .text:6F3BAAEF sub_6F3BAAA0    endp
      7. sub_6F3BAA20 is the StringToJassStringIndex function.
    -->
    <version code="1.28.5.7680 (29b1843c)">22A770</version>
    <!--<version code="1.28.4.7608 (f86560c5)">22A5E0</version>-->
    <!--<version code="1.28.2.7395 (c010005c)">2008B0</version>-->
    <!--<version code="1.28.0.7205 (bd7dc19)">1FE2D0</version>-->
    <!--<version code="1.27.1.7085 (1225d28)">1F7F60</version>-->
  </address>
  <address name="GAME_DataAllocator__Clear">
    <!-- Look for "CDataAllocator.cpp", it should be used in two functions. The one that has a call to SMemFree/Storm_403 is the clearer. -->
    <version code="1.28.5.7680 (29b1843c)">093F10</version>
    <!--<version code="1.28.4.7608 (f86560c5)"></version>-->
    <!--<version code="1.28.2.7395 (c010005c)">06AD70</version>-->
  </address>
  <address name="GAME_DataAllocator__Allocate">
    <!-- Look for "CDataAllocator.cpp", it should be used in two functions. The one that has a call to SMemAlloc/Storm_401 is the allocator. -->
    <version code="1.28.5.7680 (29b1843c)">093F70</version>
    <!--<version code="1.28.4.7608 (f86560c5)"></version>-->
    <!--<version code="1.28.2.7395 (c010005c)">06ADD0</version>-->
  </address>
  <address name="GAME_CWorldFrameWar3__ViewToWorld">
    <!-- Needs to be found using something like Cheat Engine. It's very hard to locate otherwise. -->
    <!-- You basically need to find where in the memory the current mouse position is stored, and once you have it, find the function that writes it. -->
    <version code="1.28.5.7680 (29b1843c)">3B64E0</version>
  </address>
  <address name="GAME_CreateWindow">
    <!-- Find the only function that has the strings "Gfx Fullscreen", "Gfx SwTNL" and "Gfx OpenGL", this is CreateWindow. -->
    <version code="1.28.5.7680 (29b1843c)">06EF90</version>
  </address>
  <address name="GAME_GetWindow">
    <!-- Once you've found CreateWindow above, this is the function called right before the last function that takes "Warcraft III". -->
    <!-- It takes a single argument which is 0 and the return value is used as the first parameter in the next function along with "Warcraft III". -->
    <version code="1.28.5.7680 (29b1843c)">0B49B0</version>
  </address>


  <!-- === World Editor (worldedit.exe/World Editor.exe) === -->
  <address name="WE_ClipCursorToWindow">
    <!-- Look for the imported ClipCursor function, the only function using it is WE_ClipCursorToWindow. -->
    <version code="1.28.5.7680 (29b1843c)">021620</version>
    <version code="1.28.4.7608 (f86560c5)">027550</version>
    <version code="1.28.2.7395 (c010005c)">027260</version>
    <version code="1.28.1.7365 (3b54e1c3)">027260</version>
    <version code="1.28.0.7205 (bd7dc19)">024E70</version>
    <!--<version code="1.27.1.7085 (1225d28)">01B0C0</version>-->
    <!--<version code="1.27.0.52240 (f7ba2a3)">019E60</version>-->
    <!--<version code="Version 1.26.0">095480</version>-->
  </address>
  <address name="WE_CheckObjectLimitsWarning">
    <!-- Look for "WESTRING_WARNING_EXCEEDEDLIMIT", the only function using it is WE_CheckObjectLimitsWarning. -->
    <version code="1.29.2.9231 (9d2368a59e)">061590</version>
    <version code="1.29.1.9160 (1a317b3092)">061590</version>
    <version code="1.29.0.9055 (c6af296a75)">061590</version>
    <version code="1.28.5.7680 (29b1843c)">1560C0</version>
    <version code="1.28.4.7608 (f86560c5)">1550C0</version>
    <version code="1.28.2.7395 (c010005c)">1544C0</version>
    <version code="1.28.1.7365 (3b54e1c3)">1544C0</version>
    <version code="1.28.0.7205 (bd7dc19)">151DF0</version>
    <version code="1.27.1.7085 (1225d28)">151580</version>
    <version code="1.27.0.52240 (f7ba2a3)">14D3F0</version>
    <version code="Version 1.26.0">116810</version>
  </address>
  <address name="WE_CheckObjectLimitsError">
    <!-- Look for "WESTRING_ERROR_NOSAVEEXCEEDLIMITS1", the only function using it is WE_CheckObjectLimitsError. -->
    <version code="1.29.2.9231 (9d2368a59e)">061740</version>
    <version code="1.29.1.9160 (1a317b3092)">061740</version>
    <version code="1.29.0.9055 (c6af296a75)">061740</version>
    <version code="1.28.5.7680 (29b1843c)">156320</version>
    <version code="1.28.4.7608 (f86560c5)">155320</version>
    <version code="1.28.2.7395 (c010005c)">154720</version>
    <version code="1.28.1.7365 (3b54e1c3)">154720</version>
    <version code="1.28.0.7205 (bd7dc19)">152050</version>
    <version code="1.27.1.7085 (1225d28)">1517E0</version>
    <version code="1.27.0.52240 (f7ba2a3)">14D650</version>
    <version code="Version 1.26.0">1164D0</version>
  </address>
  <address name="WE_SaveMap">
    <!-- Look for "WESTRING_SAVING_MAPINFO", the only function using it is WE_SaveMap. -->
    <version code="1.29.2.9231 (9d2368a59e)">07D1F0</version>
    <version code="1.29.1.9160 (1a317b3092)">07D1F0</version>
    <version code="1.29.0.9055 (c6af296a75)">07D1F0</version>
    <version code="1.29.0.8803 (db05491fbf)">07D1F0</version>
    <version code="1.28.5.7680 (29b1843c)">173060</version>
    <version code="1.28.4.7608 (f86560c5)">172060</version>
    <version code="1.28.2.7395 (c010005c)">171470</version>
    <version code="1.28.1.7365 (3b54e1c3)">171470</version>
    <version code="1.28.0.7205 (bd7dc19)">16ED90</version>
    <version code="1.27.1.7085 (1225d28)">16E520</version>
    <version code="1.27.0.52240 (f7ba2a3)">16A380</version>
    <version code="Version 1.26.0">18E2D0</version>
  </address>
  <address name="WE_GetNextObjectId">
    <!-- Look for "44 ? ? ? 45 ? ? ? ? ? ? ? 49" WITHOUT THE QUOTES, IN HEX MODE. Should only appear in ONE function, which is WE_GetNextObjectId. -->
    <version code="1.29.2.9231 (9d2368a59e)">104CD0</version>
    <version code="1.29.1.9160 (1a317b3092)">104CB0</version>
    <version code="1.29.0.9055 (c6af296a75)">104CB0</version>
    <version code="1.29.0.8803 (db05491fbf)">104CF0</version>
    <version code="1.28.5.7680 (29b1843c)">1FB760</version>
    <version code="1.28.4.7608 (f86560c5)">1FA760</version>
    <version code="1.28.2.7395 (c010005c)">1F9AD0</version>
    <version code="1.28.1.7365 (3b54e1c3)">1F9AD0</version>
    <version code="1.28.0.7205 (bd7dc19)">1F73C0</version>
    <version code="1.27.1.7085 (1225d28)">1F6BF0</version>
    <version code="1.27.0.52240 (f7ba2a3)">1F2A40</version>
    <version code="Version 1.26.0">1AA840</version>
  </address>
  <address name="WE_CompileScript">
    <!-- Look for "WESTRING_SAVING_MAPSCRIPT_VALIDATE", the only function using it is WE_CompileScript. -->
    <version code="1.29.2.9231 (9d2368a59e)">13B260</version>
    <version code="1.29.1.9160 (1a317b3092)">13B240</version>
    <version code="1.29.0.9055 (c6af296a75)">13B240</version>
    <version code="1.29.0.8803 (db05491fbf)">13B270</version>
    <version code="1.28.5.7680 (29b1843c)">2311F0</version>
    <version code="1.28.4.7608 (f86560c5)">2301F0</version>
    <version code="1.28.2.7395 (c010005c)">22F570</version>
    <version code="1.28.1.7365 (3b54e1c3)">22F570</version>
    <version code="1.28.0.7205 (bd7dc19)">22CE80</version>
    <version code="1.27.1.7085 (1225d28)">22C690</version>
    <!--<version code="1.27.0.52240 (f7ba2a3)">2284E0</version>-->
    <!--<version code="Version 1.26.0">1CD320</version>-->
  </address>
  <address name="WE_GetMaximumCellCount">
    <!-- This one is a bit tricky to find reliably, but in all versions so far it has been located between the two functions that use "MaximumMapSize" and "MinimumMapSize". -->
    <version code="1.28.5.7680 (29b1843c)">10E730</version>
    <version code="1.28.4.7608 (f86560c5)">10D730</version>
    <version code="1.28.2.7395 (c010005c)">10CB10</version>
    <version code="1.28.1.7365 (3b54e1c3)">10CB00</version>
    <version code="1.28.0.7205 (bd7dc19)">10A560</version>
    <version code="1.27.1.7085 (1225d28)">109D10</version>
    <version code="1.27.0.52240 (f7ba2a3)">105C60</version>
    <version code="Version 1.26.0">0C94F0</version>
  </address>
  <address name="WE_CheckCustomScript">
    <!-- Look for "WESTRING_CUSTOMSCRIPT", the only function using it is WE_CheckCustomScript. -->
    <version code="1.29.2.9231 (9d2368a59e)">069490</version>
    <version code="1.29.1.9160 (1a317b3092)">069490</version>
    <version code="1.29.0.9055 (c6af296a75)">069490</version>
    <version code="1.29.0.8803 (db05491fbf)">069490</version>
    <version code="1.28.5.7680 (29b1843c)">15E230</version>
    <version code="1.28.4.7608 (f86560c5)">15D230</version>
    <version code="1.28.2.7395 (c010005c)">15C630</version>
    <version code="1.28.1.7365 (3b54e1c3)">15C630</version>
    <version code="1.28.0.7205 (bd7dc19)">159F60</version>
    <version code="1.27.1.7085 (1225d28)">1596F0</version>
    <version code="1.27.0.52240 (f7ba2a3)">155560</version>
    <version code="Version 1.26.0">10C1B0</version>
  </address>
  <address name="WE_CheckInitFunction">
    <!-- Look for "WESTRING_ERROR_TRIGNOINITFUNC", the only function using it is WE_CheckInitFunction. -->
    <version code="1.29.2.9231 (9d2368a59e)">12CDA0</version>
    <version code="1.29.1.9160 (1a317b3092)">12CD80</version>
    <version code="1.29.0.9055 (c6af296a75)">12CD80</version>
    <version code="1.29.0.8803 (db05491fbf)">02CDC0</version>
    <version code="1.28.5.7680 (29b1843c)">223780</version>
    <version code="1.28.4.7608 (f86560c5)">222780</version>
    <version code="1.28.2.7395 (c010005c)">221AF0</version>
    <version code="1.28.1.7365 (3b54e1c3)">221AF0</version>
    <version code="1.28.0.7205 (bd7dc19)">21F400</version>
    <version code="1.27.1.7085 (1225d28)">21EC20</version>
    <version code="1.27.0.52240 (f7ba2a3)">21AA70</version>
    <version code="Version 1.26.0">1BE830</version>
  </address>
  <address name="WE_CreateProfileStorage">
    <!-- Look for "HPROFILE", the only function using it is WE_CreateProfileStorage. -->
    <version code="1.28.5.7680 (29b1843c)">087150</version>
    <version code="1.28.4.7608 (f86560c5)">086150</version>
    <version code="1.28.2.7395 (c010005c)">085500</version>
    <version code="1.28.1.7365 (3b54e1c3)">085500</version>
    <version code="1.28.0.7205 (bd7dc19)">082F50</version>
    <version code="1.27.1.7085 (1225d28)">0828B0</version>
    <version code="1.27.0.52240 (f7ba2a3)">07E710</version>
    <version code="Version 1.26.0">2DC900</version>
  </address>
  <address name="WE_StoreProfileString">
    <!-- Look for "MapExtraInfo", it is being used 3 times in one function and 6 times in another. -->
    <!-- You need the one where it is used 3 times. -->
    <!-- Notice that it is passed to the same function twice and once to another function -->
    <!-- The function it is being passed to once is WE_StoreProfileString -->
    <version code="1.29.0.9055 (c6af296a75)">2D0EA0</version>
    <version code="1.28.5.7680 (29b1843c)">087520</version>
    <version code="1.28.4.7608 (f86560c5)">086520</version>
    <version code="1.28.2.7395 (c010005c)">0858D0</version>
    <version code="1.28.1.7365 (3b54e1c3)">0858D0</version>
    <version code="1.28.0.7205 (bd7dc19)">083320</version>
    <version code="1.27.1.7085 (1225d28)">082C80</version>
    <version code="1.27.0.52240 (f7ba2a3)">07EAE0</version>
    <version code="Version 1.26.0">2DDB70</version>
  </address>
  <address name="WE_GetMapPath">
    <!-- Look for "%s - [%s%s]", it is being used in 3 functions. -->
    <!-- The function you need also has "WESTRING_APPNAME" nearby. -->
    <!-- Inside this function you'll find WE_GetMapPath, which is the 2nd function called. It takes a single argument through ECX. -->
    <version code="1.28.5.7680 (29b1843c)">11ABE0</version>
    <!--<version code="1.28.4.7608 (f86560c5)"></version>-->
    <version code="1.28.2.7395 (c010005c)">119BE0</version>
    <version code="1.28.1.7365 (3b54e1c3)">118FB0</version>
    <version code="1.28.0.7205 (bd7dc19)">1168E0</version>
    <version code="1.27.1.7085 (1225d28)">116080</version>
    <version code="1.27.0.52240 (f7ba2a3)">111FE0</version>
    <version code="Version 1.26.0">0CF780</version>
  </address>
  <address name="WE_GetIsMapModified">
    <!-- Look for "%s - [%s%s]", it is being used in 3 functions. -->
    <!-- The function you need also has "WESTRING_APPNAME" nearby. -->
    <!-- Inside this function you'll find WE_GetIsMapModified, which is the 4th function called. It takes a single argument through ECX. -->
    <version code="1.28.5.7680 (29b1843c)">152A90</version>
    <version code="1.28.4.7608 (f86560c5)">151A90</version>
    <version code="1.28.2.7395 (c010005c)">150E90</version>
    <version code="1.28.1.7365 (3b54e1c3)">150E90</version>
    <version code="1.28.0.7205 (bd7dc19)">14E7C0</version>
    <version code="1.27.1.7085 (1225d28)">14DF50</version>
    <version code="1.27.0.52240 (f7ba2a3)">149E90</version>
    <version code="Version 1.26.0">1111E0</version>
  </address>
</addresscollection>
